<?xml version="1.0" encoding="utf-8"?>
<include> 
  <domain name="$${domain}">   
    <groups> 
      <group id="101" name="Group_1" type="1"> 
        <users> 
          <!--
	      type value
		  DAC = 1
		  UE = 2
		  Camera = 3
	  -->  
          <user id="1000" name="DAC" type="1"/>  
          <user id="1001" name="User_1" type="2"/>  
          <user id="1002" name="User_2" type="2"/>  
          <user id="1003" name="User_3" type="2"/>  
          <user id="1004" name="User_4" type="2"/> 
        </users> 
      </group>  
      <group id="102" name="Group_2" type="1"> 
        <users> 
          <user id="1005" name="User_5" type="2"/>  
          <user id="1006" name="User_6" type="2"/>  
          <user id="1007" name="User_7" type="2"/>  
          <user id="1008" name="User_8" type="2"/>  
          <user id="1009" name="User_9" type="2"/> 
        </users> 
      </group>  
      <group id="103" name="Group_3" type="1"> 
        <users> 
          <user id="1010" name="DAC_B" type="1"/>  
          <user id="1011" name="User_11" type="2"/>  
          <user id="1012" name="User_12" type="2"/>  
          <user id="1013" name="User_13" type="2"/>  
          <user id="1014" name="User_14" type="2"/> 
        </users> 
      </group> 
	  <group id="105" name="Conference" type="1"> 
        <users> 
          <user id="3000" name="C0" type="3"/>  
          <user id="3100" name="C1" type="3"/>
		  <user id="3200" name="C2" type="3"/>
		  <user id="3300" name="C3" type="3"/>
        </users> 
      </group> 
    </groups> 
  </domain> 
</include>
